"","Number speeches by men","Number of speeches by women","Proportion of speeches by men","Proportion of speeches by women"
"First Parliament",58420,19592,0.748859149874378,0.251140850125622
"Second Parliament",52482,22076,0.703908366640736,0.296091633359264
"Third Parliament",50507,19146,0.725123110275221,0.274876889724779
"Fourth Parliament",53579,34910,0.605487687735199,0.394512312264801
"Fifth Parliament",59189,29352,0.668492562767531,0.331507437232469
