"","Number speeches by men","Number of speeches by women","Proportion of speeches by men","Proportion of speeches by women"
"First Parliament",56413,19218,0.7458978461213,0.254102153878701
"Second Parliament",50862,21494,0.702941013875836,0.297058986124164
"Third Parliament",49311,18889,0.723035190615836,0.276964809384164
"Fourth Parliament",53018,34009,0.609213232674917,0.390786767325083
"Fifth Parliament",58185,29187,0.665945611866502,0.334054388133498
